{
  "name": "penumbra5ewp",
  "title": "Penumbra 5E Weapon Properties",
  "description": "Adds Penumbra 5E new weapon properties",
  "version": "0.1",
  "author": "Arr!",
  "systems": ["dnd5e"],
  "styles": [],
  "scripts": ["penumbra5ewp.js"],
  "manifest": "https://raw.githubusercontent.com/arrnonymous/Penumbra-5E-FoundryVTT-Modules/Weapon-Properties/main/module.json",
  "download": "https://github.com/arrnonymous/Penumbra-5E-FoundryVTT-Modules/Weapon-Properties/archive/main.zip",
  "minimumCoreVersion": "9",
  "compatibleCoreVersion": "9"
}